player,1st,2nd,3rd,NA,tabulate
Steven Adams,8.378815e-05,0.0005052998,0.003714577,0.9956963,0.005649417
Bam Adebayo,0.013209923,0.09027956,0.21327628,0.6832343,0.5501646
LaMarcus Aldridge,6.411058e-06,2.9907867e-05,0.00027263712,0.999691,0.000394416
Nickeil Alexander-Walker,1.1203504e-07,3.2484303e-07,3.911457e-06,0.9999957,5.446161e-06
Grayson Allen,1.283231e-07,3.7682713e-07,4.467358e-06,0.999995,6.2394547e-06
Jarrett Allen,3.089644e-05,0.0001712918,0.0014091725,0.99838865,0.0020775301
Kadeem Allen,1.8286455e-07,5.523333e-07,6.291098e-06,0.99999297,8.86242e-06
Al-Farouq Aminu,1.7168763e-07,5.1718706e-07,5.9510985e-06,0.9999933,8.361098e-06
Justin Anderson,1.8015422e-07,5.435768e-07,6.1962996e-06,0.9999931,8.727801e-06
Kyle Anderson,1.2813281e-07,3.7673118e-07,4.473706e-06,0.999995,6.244564e-06
Ryan Anderson,3.2974322e-07,1.0414747e-06,1.11996e-05,0.9999875,1.5972739e-05
Giannis Antetokounmpo,0.8005638,0.175552,0.016771777,0.007112353,4.546247
Kostas Antetokounmpo,1.4787673e-07,4.3850255e-07,5.101602e-06,0.9999943,7.156493e-06
Thanasis Antetokounmpo,1.5952847e-07,4.7655072e-07,5.5097353e-06,0.9999938,7.73703e-06
Carmelo Anthony,1.725183e-07,5.2455806e-07,6.054287e-06,0.9999932,8.490553e-06
OG Anunoby,4.2309716e-07,1.4147113e-06,1.5313528e-05,0.99998283,2.1673148e-05
Ryan Arcidiacono,1.0207936e-07,2.9354717e-07,3.5780472e-06,0.99999607,4.9690857e-06
Trevor Ariza,1.2480086e-07,3.662816e-07,4.36505e-06,0.9999951,6.087899e-06
D.J. Augustin,1.5656293e-07,4.6981762e-07,5.4593716e-06,0.9999939,7.651639e-06
Deandre Ayton,0.0003167507,0.0020085447,0.011920845,0.9857539,0.019530233
Dwayne Bacon,1.0935066e-07,3.1639428e-07,3.8212966e-06,0.9999957,5.3172325e-06
Marvin Bagley,6.35423e-07,2.1646051e-06,2.2626455e-05,0.9999746,3.2297386e-05
Lonzo Ball,9.219239e-07,3.3373622e-06,3.4112036e-05,0.9999616,4.8733742e-05
Mohamed Bamba,1.3339034e-07,3.9385142e-07,4.6627056e-06,0.99999475,6.5112117e-06
J.J. Barea,1.8706842e-07,5.676438e-07,6.463803e-06,0.9999927,9.102077e-06
Harrison Barnes,3.784623e-07,1.2603203e-06,1.364852e-05,0.99998474,1.9321793e-05
RJ Barrett,1.5409847e-07,4.6307846e-07,5.3940967e-06,0.99999404,7.5538246e-06
Will Barton,1.2799944e-06,4.8730785e-06,4.899713e-05,0.9999448,7.001634e-05
Keita Bates-Diop,1.1773214e-07,3.4317745e-07,4.1113703e-06,0.99999547,5.7295633e-06
Nicolas Batum,1.6474885e-07,4.946967e-07,5.7179677e-06,0.9999937,8.025801e-06
Aron Baynes,1.8207017e-07,5.555758e-07,6.39341e-06,0.99999285,8.970488e-06
Kent Bazemore,1.0459162e-07,3.0171967e-07,3.6681272e-06,0.99999595,5.0962444e-06
Darius Bazley,1.1002894e-07,3.1865815e-07,3.847802e-06,0.9999957,5.353921e-06
Bradley Beal,0.023741495,0.14915945,0.2649473,0.56215173,0.8311331
Malik Beasley,1.1117887e-07,3.2257185e-07,3.891952e-06,0.9999957,5.4155616e-06
Marco Belinelli,9.967477e-08,2.8596338e-07,3.495482e-06,0.99999607,4.851746e-06
Jordan Bell,1.312352e-07,3.859487e-07,4.5633296e-06,0.9999949,6.377352e-06
DeAndre' Bembry,1.14985376e-07,3.3428125e-07,4.0149785e-06,0.9999956,5.5927494e-06
Dragan Bender,2.1741494e-07,6.696168e-07,7.5512144e-06,0.99999154,1.064714e-05
Dāvis Bertāns,1.3416168e-07,3.9747573e-07,4.703894e-06,0.99999475,6.5671293e-06
Patrick Beverley,3.268258e-07,1.0575683e-06,1.1644558e-05,0.999987,1.6451391e-05
Khem Birch,1.4329741e-07,4.2580973e-07,5.000138e-06,0.9999944,6.9940543e-06
Goga Bitadze,1.09979844e-07,3.1838658e-07,3.8439584e-06,0.9999957,5.3490176e-06
Bismack Biyombo,1.684127e-07,5.098127e-07,5.90432e-06,0.99999344,8.2758215e-06
Nemanja Bjelica,3.3323263e-07,1.0899479e-06,1.1991297e-05,0.9999865,1.6927304e-05
Eric Bledsoe,0.00010727523,0.00065038574,0.004450085,0.9947923,0.0069376184
Bogdan Bogdanović,1.5156608e-07,4.541217e-07,5.303019e-06,0.99999404,7.4232144e-06
Bojan Bogdanović,3.817299e-06,1.6861564e-05,0.00015677777,0.99982256,0.00022644896
Jonah Bolden,1.5589964e-07,4.6496493e-07,5.3906615e-06,0.99999404,7.5650546e-06
Marques Bolden,2.9358142e-07,9.193221e-07,9.989597e-06,0.9999888,1.421547e-05
Jordan Bone,1.4527707e-07,4.3037073e-07,5.0187555e-06,0.9999944,7.036253e-06
Isaac Bonga,1.0890959e-07,3.1533094e-07,3.8151757e-06,0.9999957,5.3057165e-06
Devin Booker,0.0078580715,0.061092194,0.17504871,0.75600106,0.39761564
Chris Boucher,1.4072442e-07,4.178272e-07,4.920516e-06,0.9999945,6.87762e-06
Brian Bowen,1.8755023e-07,5.6771864e-07,6.444489e-06,0.99999285,9.0853955e-06
Ky Bowman,1.12747486e-07,3.2726277e-07,3.9398083e-06,0.9999956,5.485334e-06
Avery Bradley,1.2671083e-07,3.7230274e-07,4.427375e-06,0.9999951,6.1778373e-06
Tony Bradley,1.3374664e-07,3.9463686e-07,4.667822e-06,0.99999475,6.520466e-06
Jarrell Brantley,2.3210796e-07,7.1450455e-07,7.932954e-06,0.9999912,1.1237007e-05
Ignas Brazdeikis,1.4944789e-07,4.4380099e-07,5.159523e-06,0.9999943,7.2381654e-06
Mikal Bridges,1.3412023e-07,3.967255e-07,4.6938385e-06,0.99999475,6.5546164e-06
Miles Bridges,1.5496842e-07,4.663482e-07,5.4354073e-06,0.9999939,7.609294e-06
Oshae Brissett,1.3521908e-07,3.9842143e-07,4.6906657e-06,0.99999475,6.562025e-06
Ryan Broekhoff,1.4635506e-07,4.344218e-07,5.0744875e-06,0.9999944,7.1095283e-06
Malcolm Brogdon,1.643433e-05,8.1542756e-05,0.0006696147,0.9992324,0.0009964146
Dillon Brooks,1.3275708e-07,3.930414e-07,4.6508044e-06,0.9999949,6.493714e-06
Bruce Brown,1.6989485e-07,5.1473813e-07,5.9507183e-06,0.9999933,8.3444065e-06
Charlie Brown,1.5045289e-07,4.4693715e-07,5.1934817e-06,0.99999416,7.286558e-06
Jaylen Brown,8.233842e-06,3.8998973e-05,0.0003462105,0.99960655,0.0005043766
Moses Brown,1.653618e-07,4.9538215e-07,5.702426e-06,0.9999937,8.015381e-06
Sterling Brown,1.2408098e-07,3.6328913e-07,4.325043e-06,0.99999523,6.035315e-06
Troy Brown,1.1675658e-07,3.4043705e-07,4.084802e-06,0.99999547,5.689896e-06
Jalen Brunson,1.2651498e-07,3.715568e-07,4.415573e-06,0.9999951,6.1628184e-06
Thomas Bryant,4.3785505e-07,1.4600695e-06,1.573333e-05,0.99998236,2.2302815e-05
Reggie Bullock,1.2491994e-07,3.660916e-07,4.35613e-06,0.9999951,6.0790044e-06
Trey Burke,1.4291435e-07,4.233899e-07,4.9567725e-06,0.9999945,6.9415137e-06
Alec Burks,1.6745817e-07,5.0798013e-07,5.8733253e-06,0.99999344,8.234557e-06
Deonte Burton,1.134279e-07,3.2913417e-07,3.955866e-06,0.9999956,5.510408e-06
Jimmy Butler,0.02100828,0.13189787,0.25118646,0.5959074,0.7519214
Bruno Caboclo,1.3121605e-07,3.85757e-07,4.5604756e-06,0.9999949,6.373827e-06
Kentavious Caldwell-Pope,1.2520727e-07,3.6775901e-07,4.3805508e-06,0.9999951,6.1098644e-06
Vlatko Čančar,1.3655283e-07,4.0251174e-07,4.731027e-06,0.99999475,6.621326e-06
Clint Capela,0.001394336,0.009762338,0.044998176,0.94384515,0.08125687
DeMarre Carroll,1.3312018e-07,3.9193944e-07,4.625503e-06,0.9999949,6.466922e-06
Jevon Carter,1.0585479e-07,3.054087e-07,3.7055443e-06,0.9999958,5.151044e-06
Vince Carter,9.588557e-08,2.7408464e-07,3.3678234e-06,0.9999963,4.669505e-06
Wendell Carter,1.1857e-06,4.428012e-06,4.5242847e-05,0.9999491,6.445538e-05
Michael Carter-Williams,1.426831e-07,4.235131e-07,4.9712444e-06,0.9999945,6.9551993e-06
Alex Caruso,1.1123932e-07,3.2251248e-07,3.8898515e-06,0.9999957,5.4135853e-06
Willie Cauley-Stein,1.890024e-07,5.780733e-07,6.6284297e-06,0.9999926,9.3076615e-06
Tyson Chandler,1.2419962e-07,3.6352273e-07,4.3275186e-06,0.99999523,6.039085e-06
Wilson Chandler,1.2650364e-07,3.7116442e-07,4.41168e-06,0.9999951,6.1576916e-06
Joe Chealey,1.6225965e-07,4.8460913e-07,5.5752457e-06,0.9999938,7.840372e-06
Zylan Cheatham,1.8092695e-07,5.4667527e-07,6.242016e-06,0.9999931,8.7866765e-06
Chris Chiozza,1.4393827e-07,4.264006e-07,4.9864143e-06,0.9999944,6.9853077e-06
Marquese Chriss,2.0115776e-07,6.203788e-07,7.075303e-06,0.99999213,9.942229e-06
Gary Clark,1.16267785e-07,3.3835485e-07,4.0586965e-06,0.99999547,5.6551e-06
Brandon Clarke,2.7667207e-07,8.7905073e-07,9.765088e-06,0.99998903,1.37856005e-05
Jordan Clarkson,1.3361672e-07,3.9533222e-07,4.674063e-06,0.99999475,6.528143e-06
Nicolas Claxton,1.8494106e-07,5.6063374e-07,6.402593e-06,0.99999285,9.0092e-06
Chris Clemons,1.2319114e-07,3.6015481e-07,4.286988e-06,0.99999523,5.9834083e-06
Antonius Cleveland,1.608312e-07,4.804638e-07,5.540993e-06,0.9999938,7.786541e-06
Amir Coffey,1.4307007e-07,4.2352804e-07,4.953091e-06,0.9999945,6.9390253e-06
John Collins,7.745316e-05,0.00047275418,0.0035172992,0.9959325,0.0053228275
Zach Collins,3.1773e-07,1.012554e-06,1.1081564e-05,0.9999876,1.5707876e-05
Mike Conley,3.2391682e-07,1.0472669e-06,1.1460223e-05,0.9999871,1.6221607e-05
Pat Connaughton,1.3202201e-07,3.8918614e-07,4.6072637e-06,0.9999949,6.4349324e-06
Quinn Cook,1.16036496e-07,3.3741264e-07,4.044246e-06,0.99999547,5.636666e-06
Tyler Cook,1.3051704e-07,3.832467e-07,4.529459e-06,0.999995,6.3317843e-06
Robert Covington,1.975566e-07,6.105127e-07,6.9809203e-06,0.99999225,9.800242e-06
Allen Crabbe,1.0525825e-07,3.0346874e-07,3.683179e-06,0.99999595,5.1198767e-06
Torrey Craig,1.15007076e-07,3.3465219e-07,4.023445e-06,0.99999547,5.602437e-06
Jae Crowder,1.7719282e-07,5.401893e-07,6.22705e-06,0.9999931,8.733582e-06
Jarrett Culver,1.0670801e-07,3.0841613e-07,3.7397463e-06,0.9999958,5.198535e-06
Seth Curry,1.430245e-07,4.260636e-07,5.006045e-06,0.9999944,6.999358e-06
Stephen Curry,0.00015940008,0.0007652707,0.004271165,0.9948042,0.0073639774
Troy Daniels,1.0689399e-07,3.0861915e-07,3.7385232e-06,0.9999958,5.198851e-06
Anthony Davis,0.23067282,0.4316467,0.19021569,0.14746484,2.6385198
Ed Davis,1.355553e-07,3.9988242e-07,4.7151225e-06,0.99999475,6.592546e-06
Terence Davis,1.18377585e-07,3.4553304e-07,4.140768e-06,0.99999535,5.769255e-06
Dewayne Dedmon,1.2588889e-07,3.694819e-07,4.398304e-06,0.9999951,6.1361943e-06
Matthew Dellavedova,9.968428e-08,2.859312e-07,3.4941854e-06,0.99999607,4.8504007e-06
DeMar DeRozan,0.00065865234,0.0049907807,0.026748039,0.96760255,0.045013644
Cheick Diallo,1.1685572e-07,3.4022088e-07,4.078438e-06,0.99999547,5.683379e-06
Hamidou Diallo,1.1790597e-07,3.4356125e-07,4.1142375e-06,0.99999547,5.7344514e-06
Gorgui Dieng,1.4587931e-07,4.3492705e-07,5.1045317e-06,0.9999943,7.1387094e-06
Spencer Dinwiddie,9.033984e-05,0.00058740366,0.004201147,0.99512106,0.006415057
Donte DiVincenzo,2.5151624e-07,7.912503e-07,8.853081e-06,0.9999901,1.2484414e-05
Luka Dončić,0.50755745,0.36885568,0.07813122,0.045455616,3.7224855
Luguentz Dort,1.2015201e-07,3.5088206e-07,4.195015e-06,0.99999535,5.8484216e-06
Damyean Dotson,1.0401608e-07,2.9963272e-07,3.6429258e-06,0.99999595,5.0619046e-06
Sekou Doumbouya,1.1154783e-07,3.234905e-07,3.8999924e-06,0.9999957,5.428203e-06
PJ Dozier,1.3681849e-07,4.0361573e-07,4.746175e-06,0.99999475,6.6411144e-06
Goran Dragić,2.9137888e-07,9.3500194e-07,1.0294565e-05,0.99998844,1.4556465e-05
Andre Drummond,0.0030190817,0.023166329,0.090824746,0.8829898,0.17541914
Jared Dudley,1.075556e-07,3.1061754e-07,3.7589944e-06,0.9999958,5.228625e-06
Kris Dunn,1.4575889e-07,4.338082e-07,5.0854214e-06,0.9999943,7.1156405e-06
Carsen Edwards,1.1308702e-07,3.2807307e-07,3.9450197e-06,0.9999956,5.494674e-06
Henry Ellenson,1.9193921e-07,5.8166336e-07,6.58166e-06,0.9999926,9.2863465e-06
Wayne Ellington,1.0956194e-07,3.1706668e-07,3.8293188e-06,0.9999957,5.3283284e-06
Joel Embiid,0.014431764,0.09899783,0.22596554,0.6606049,0.59511787
James Ennis,1.0866476e-07,3.145051e-07,3.8057242e-06,0.9999958,5.2925634e-06
Drew Eubanks,1.4897118e-07,4.4306515e-07,5.1701277e-06,0.9999943,7.244179e-06
Jacob Evans,1.15675526e-07,3.3632324e-07,4.0334994e-06,0.99999547,5.620847e-06
Dante Exum,1.1491412e-07,3.3396992e-07,4.0095065e-06,0.9999956,5.585987e-06
Tacko Fall,2.214252e-07,6.791726e-07,7.5994085e-06,0.99999154,1.0744052e-05
Derrick Favors,1.8350054e-06,7.1139143e-06,7.0623275e-05,0.99992037,0.000101140045
Cristiano Felício,1.5661222e-07,4.683436e-07,5.4460957e-06,0.9999939,7.634188e-06
Terrance Ferguson,1.0417592e-07,3.0024944e-07,3.6516042e-06,0.99999595,5.0732324e-06
Bruno Fernando,1.06242744e-07,3.0669324e-07,3.7199054e-06,0.9999958,5.1711986e-06
Yogi Ferrell,1.06893175e-07,3.0857e-07,3.7367374e-06,0.9999958,5.196913e-06
Dorian Finney-Smith,2.0558896e-07,6.375038e-07,7.2674006e-06,0.9999919,1.0207857e-05
Bryn Forbes,1.1045031e-07,3.205219e-07,3.870886e-06,0.9999957,5.3847034e-06
Evan Fournier,9.802535e-07,3.6395768e-06,3.6978458e-05,0.9999584,5.2798456e-05
De'Aaron Fox,9.713914e-05,0.0005872495,0.004045651,0.99526995,0.006293095
Melvin Frazier,1.3799587e-07,4.070591e-07,4.7775775e-06,0.99999464,6.688734e-06
Michael Frazier,1.2834856e-07,3.7647834e-07,4.458807e-06,0.999995,6.229985e-06
Tim Frazier,1.4013945e-07,4.1443695e-07,4.8615866e-06,0.99999464,6.8055947e-06
Markelle Fultz,2.6764508e-07,8.4992644e-07,9.430343e-06,0.9999895,1.3318348e-05
Wenyen Gabriel,1.1853212e-07,3.4532553e-07,4.1299104e-06,0.99999535,5.7585476e-06
Daniel Gafford,1.3154458e-07,3.8763778e-07,4.593014e-06,0.9999949,6.41365e-06
Danilo Gallinari,1.1963106e-05,6.0365208e-05,0.00052087393,0.9994068,0.0007617851
Langston Galloway,1.0506309e-07,3.0323267e-07,3.6846336e-06,0.99999595,5.119647e-06
Darius Garland,1.13478755e-07,3.300262e-07,3.9699967e-06,0.9999956,5.527469e-06
Marc Gasol,5.222694e-07,1.7635724e-06,1.8774266e-05,0.9999789,2.667633e-05
Rudy Gay,1.16780974e-07,3.4055947e-07,4.0862633e-06,0.99999547,5.6918466e-06
Paul George,7.588199e-05,0.0004461925,0.003180172,0.9962978,0.0048981598
Taj Gibson,1.3235685e-07,3.908525e-07,4.6303053e-06,0.9999949,6.464647e-06
Harry Giles,1.4520283e-07,4.3168572e-07,5.059744e-06,0.9999944,7.0808155e-06
Shai Gilgeous-Alexander,6.695577e-05,0.0004139392,0.0030599385,0.9964592,0.004636535
Rudy Gobert,0.02360631,0.14446275,0.26669446,0.5652365,0.8181143
Brandon Goodwin,1.1705928e-07,3.4077584e-07,4.082022e-06,0.99999547,5.689646e-06
Aaron Gordon,1.1779493e-06,4.453338e-06,4.5000033e-05,0.99994934,6.424979e-05
Eric Gordon,1.3281407e-07,3.9220527e-07,4.6391233e-06,0.9999949,6.4798096e-06
Devonte' Graham,2.5576242e-06,1.0674151e-05,0.00010160931,0.9998852,0.00014641989
Treveon Graham,1.0002939e-07,2.8712506e-07,3.508875e-06,0.99999607,4.870397e-06
Jerami Grant,1.4509789e-07,4.3323766e-07,5.085247e-06,0.9999943,7.110449e-06
Josh Gray,2.7799035e-07,8.6802964e-07,9.4750285e-06,0.9999894,1.3469069e-05
Danny Green,1.56916e-07,4.7186967e-07,5.5015234e-06,0.9999939,7.701712e-06
Draymond Green,3.525623e-07,1.1455538e-06,1.2480677e-05,0.99998605,1.768015e-05
JaMychal Green,1.2776455e-07,3.7576882e-07,4.4695057e-06,0.999995,6.235635e-06
Javonte Green,1.12578256e-07,3.2651832e-07,3.9298043e-06,0.9999956,5.4722505e-06
Jeff Green,1.2621227e-07,3.704635e-07,4.4057138e-06,0.9999951,6.1481655e-06
Blake Griffin,6.908221e-07,2.374512e-06,2.438348e-05,0.9999726,3.4961125e-05
Marko Guduric,1.10023905e-07,3.1845764e-07,3.843009e-06,0.9999957,5.3485014e-06
Kyle Guy,1.5474426e-07,4.6058514e-07,5.3316858e-06,0.99999404,7.4871623e-06
Rui Hachimura,1.8644738e-07,5.702232e-07,6.5348463e-06,0.9999927,9.177753e-06
Devon Hall,1.5786432e-07,4.707684e-07,5.4367447e-06,0.9999939,7.638371e-06
Donta Hall,1.6428507e-07,4.9285916e-07,5.6954254e-06,0.9999937,7.995428e-06
Dusty Hannahs,1.7628132e-07,5.304687e-07,6.0612024e-06,0.9999932,8.534015e-06
Tim Hardaway,2.1842368e-07,6.826219e-07,7.714944e-06,0.9999914,1.0854928e-05
James Harden,0.6222047,0.306202,0.04755458,0.02403866,4.077184
Maurice Harkless,1.3022459e-07,3.8387253e-07,4.555251e-06,0.9999949,6.357992e-06
Jared Harper,1.7202414e-07,5.165163e-07,5.9065615e-06,0.99999344,8.316231e-06
Montrezl Harrell,2.768454e-05,0.00015179813,0.0012269726,0.9985935,0.0018207897
Gary Harris,1.3653326e-07,4.0459685e-07,4.7744797e-06,0.99999464,6.6709363e-06
Joe Harris,2.397083e-07,7.5605914e-07,8.494658e-06,0.99999046,1.1961377e-05
Tobias Harris,1.4017508e-05,7.187892e-05,0.00061208353,0.999302,0.0008978078
Shaquille Harrison,1.2267026e-07,3.588044e-07,4.2783004e-06,0.99999523,5.968065e-06
Josh Hart,1.3016027e-07,3.8394248e-07,4.5576494e-06,0.9999949,6.3602783e-06
Isaiah Hartenstein,1.6486796e-07,4.9522527e-07,5.7286047e-06,0.99999356,8.03862e-06
Udonis Haslem,1.87218e-07,5.6682654e-07,6.441355e-06,0.99999285,9.077925e-06
Jaxson Hayes,1.4203685e-07,4.2247837e-07,4.97123e-06,0.9999945,6.948849e-06
Gordon Hayward,4.8811242e-05,0.0002701273,0.0020173744,0.99766374,0.0030718124
John Henson,1.446155e-07,4.297924e-07,5.0409217e-06,0.9999944,7.0533765e-06
Dewan Hernandez,2.5227493e-07,7.8250133e-07,8.650732e-06,0.99999034,1.225961e-05
Juan Hernangómez,1.14172614e-07,3.3195136e-07,3.992375e-06,0.9999956,5.5590917e-06
Willy Hernangómez,1.5650336e-07,4.6788332e-07,5.434453e-06,0.9999939,7.6206197e-06
Tyler Herro,1.2865443e-07,3.7861705e-07,4.492e-06,0.999995,6.2711233e-06
Kevin Hervey,1.833878e-07,5.534432e-07,6.2829376e-06,0.99999297,8.860206e-06
Mario Hezonja,1.0778273e-07,3.1152146e-07,3.771397e-06,0.9999958,5.244875e-06
Buddy Hield,3.9735846e-07,1.3295652e-06,1.4347122e-05,0.9999839,2.0322608e-05
George Hill,2.2353967e-07,6.941986e-07,7.831528e-06,0.9999913,1.10318215e-05
Solomon Hill,1.084939e-07,3.1382618e-07,3.7966975e-06,0.9999958,5.2806454e-06
Jaylen Hoard,1.4809548e-07,4.3981132e-07,5.129037e-06,0.9999943,7.1889485e-06
Aaron Holiday,1.2489207e-07,3.6654296e-07,4.364255e-06,0.9999951,6.088344e-06
Jrue Holiday,4.656747e-05,0.0002655062,0.0020043566,0.9976835,0.0030337125
Justin Holiday,1.1659546e-07,3.3997406e-07,4.0830614e-06,0.99999547,5.685961e-06
Rondae Hollis-Jefferson,1.766977e-07,5.36166e-07,6.175457e-06,0.9999931,8.667444e-06
Richaun Holmes,2.7569038e-06,1.1225132e-05,0.000109322595,0.99987674,0.00015678251
Rodney Hood,1.7036245e-07,5.142642e-07,5.9336667e-06,0.9999933,8.328271e-06
Al Horford,1.3497493e-06,5.1474176e-06,5.180776e-05,0.9999417,7.399876e-05
Talen Horton-Tucker,2.1061297e-07,6.4173537e-07,7.1798577e-06,0.999992,1.0158128e-05
Danuel House,1.4849572e-07,4.44332e-07,5.2064597e-06,0.99999416,7.281934e-06
Dwight Howard,3.158198e-07,1.0194544e-06,1.1277775e-05,0.99998736,1.5915237e-05
William Howard,2.3377139e-07,7.1974733e-07,7.973532e-06,0.99999106,1.130163e-05
Kevin Huerter,1.406415e-07,4.1838265e-07,4.9238774e-06,0.9999945,6.882233e-06
De'Andre Hunter,1.12242496e-07,3.2632315e-07,3.9332685e-06,0.9999956,5.4734505e-06
Chandler Hutchison,1.5436221e-07,4.611156e-07,5.364471e-06,0.99999404,7.5196285e-06
Serge Ibaka,2.1870962e-06,8.735487e-06,8.5149164e-05,0.9999039,0.00012229111
Andre Iguodala,2.2078225e-07,6.7999946e-07,7.651111e-06,0.9999914,1.0795021e-05
Ersan İlyasova,1.4607951e-07,4.3517807e-07,5.1027646e-06,0.9999943,7.138696e-06
Joe Ingles,2.3623475e-07,7.4100467e-07,8.330152e-06,0.9999907,1.173434e-05
Brandon Ingram,0.00043846027,0.0032847913,0.019145219,0.97713155,0.031191893
Kyrie Irving,0.0043620626,0.02492793,0.075864114,0.89484596,0.17245823
Jonathan Isaac,1.9255842e-06,7.4593763e-06,7.3498566e-05,0.99991715,0.000105504616
Wesley Iwundu,1.1455085e-07,3.3309075e-07,4.00358e-06,0.9999956,5.575607e-06
Frank Jackson,1.0043928e-07,2.8835112e-07,3.5210498e-06,0.99999607,4.8882994e-06
Jaren Jackson,3.4085008e-07,1.1211442e-06,1.230441e-05,0.9999863,1.7372093e-05
Josh Jackson,1.997508e-07,6.101681e-07,6.923926e-06,0.99999225,9.753185e-06
Justin Jackson,1.0135243e-07,2.9127972e-07,3.5535086e-06,0.99999607,4.9341097e-06
Reggie Jackson,3.7197728e-07,1.2048639e-06,1.296818e-05,0.99998546,1.8442657e-05
Justin James,1.1414017e-07,3.3137033e-07,3.9797196e-06,0.9999956,5.5445316e-06
LeBron James,0.7672754,0.20108977,0.02181751,0.009817345,4.461464
Amile Jefferson,1.3734427e-07,4.0515945e-07,4.759991e-06,0.99999475,6.6621906e-06
DaQuan Jeffries,1.4080256e-07,4.1600066e-07,4.870974e-06,0.9999945,6.822989e-06
Ty Jerome,1.2162316e-07,3.5507537e-07,4.2315232e-06,0.99999535,5.9048652e-06
Alize Johnson,1.4352118e-07,4.2491814e-07,4.9674954e-06,0.9999945,6.9598555e-06
B.J. Johnson,1.6755052e-07,5.0201083e-07,5.7598186e-06,0.99999356,8.103603e-06
Cameron Johnson,1.11874236e-07,3.2471107e-07,3.916044e-06,0.9999956,5.4495486e-06
James Johnson,1.7839427e-07,5.4061036e-07,6.213241e-06,0.9999931,8.727044e-06
Keldon Johnson,1.5852208e-07,4.7341663e-07,5.4802326e-06,0.9999939,7.693093e-06
Stanley Johnson,1.4155896e-07,4.1851393e-07,4.8973425e-06,0.9999945,6.860679e-06
Tyler Johnson,1.2034398e-07,3.5127377e-07,4.194691e-06,0.99999535,5.850232e-06
Nikola Jokić,0.047338482,0.22494845,0.28417563,0.44353735,1.1957134
Damian Jones,1.1917628e-07,3.4815545e-07,4.171e-06,0.99999535,5.811348e-06
Derrick Jones,1.5340508e-07,4.5968952e-07,5.3684985e-06,0.99999404,7.5145927e-06
Tyus Jones,1.1761364e-07,3.4285526e-07,4.10648e-06,0.99999547,5.7231136e-06
DeAndre Jordan,1.2225488e-06,4.5235543e-06,4.5840385e-05,0.9999484,6.55238e-05
Cory Joseph,1.11352044e-07,3.2306474e-07,3.8970884e-06,0.9999957,5.4230427e-06
Mfiondu Kabengele,1.5190183e-07,4.5191751e-07,5.2530127e-06,0.99999416,7.3682745e-06
Frank Kaminsky,1.8913728e-07,5.7754426e-07,6.605158e-06,0.9999926,9.283477e-06
Enes Kanter,3.520677e-07,1.1432326e-06,1.2496588e-05,0.99998605,1.7686623e-05
Luke Kennard,3.584197e-07,1.1675985e-06,1.2672247e-05,0.9999858,1.796714e-05
Stanton Kidd,2.0149494e-07,6.1313017e-07,6.898208e-06,0.99999225,9.745074e-06
Michael Kidd-Gilchrist,1.3147208e-07,3.8660923e-07,4.5683937e-06,0.9999949,6.385582e-06
Louis King,1.4120462e-07,4.1744804e-07,4.888318e-06,0.9999945,6.846685e-06
Maxi Kleber,1.5015588e-07,4.4998572e-07,5.2711234e-06,0.99999416,7.37186e-06
Brandon Knight,1.390152e-07,4.1111258e-07,4.82959e-06,0.99999464,6.758004e-06
Kevin Knox,9.6993624e-08,2.7761817e-07,3.4064465e-06,0.9999962,4.7242693e-06
John Konchar,1.5966484e-07,4.774423e-07,5.5289743e-06,0.9999938,7.759625e-06
Furkan Korkmaz,1.0726162e-07,3.1016316e-07,3.7591772e-06,0.9999958,5.2259747e-06
Luke Kornet,1.2520404e-07,3.6710796e-07,4.369098e-06,0.9999951,6.096442e-06
Kyle Korver,1.1984896e-07,3.5004848e-07,4.1874528e-06,0.99999535,5.8368432e-06
Rodions Kurucs,1.161162e-07,3.378409e-07,4.052616e-06,0.99999547,5.6467197e-06
Kyle Kuzma,1.321795e-07,3.9030792e-07,4.620239e-06,0.9999949,6.45206e-06
Skal Labissière,1.5740791e-07,4.7171895e-07,5.4909883e-06,0.9999939,7.693185e-06
Jeremy Lamb,2.3017472e-07,7.1913996e-07,8.09894e-06,0.99999094,1.1407234e-05
Romeo Langford,1.177701e-07,3.4293603e-07,4.1041976e-06,0.99999547,5.7218563e-06
Zach LaVine,0.000988841,0.007674671,0.037976857,0.95335966,0.065945074
Vic Law,2.0127868e-07,6.1217025e-07,6.879078e-06,0.99999225,9.721982e-06
Jake Layman,1.3713432e-07,4.0523014e-07,4.7725907e-06,0.99999464,6.6739526e-06
T.J. Leaf,1.3594615e-07,4.0083467e-07,4.718532e-06,0.99999475,6.600767e-06
Jalen Lecque,1.551163e-07,4.620453e-07,5.3497415e-06,0.99999404,7.511459e-06
Courtney Lee,1.25291e-07,3.6695323e-07,4.362603e-06,0.9999951,6.0899174e-06
Damion Lee,1.47331e-07,4.4017176e-07,5.1554553e-06,0.9999943,7.2126254e-06
Alex Len,1.5465837e-07,4.635291e-07,5.408365e-06,0.9999939,7.5722437e-06
Kawhi Leonard,0.1539123,0.38275826,0.23395473,0.22937468,2.151791
Meyers Leonard,1.4262513e-07,4.241553e-07,4.9870846e-06,0.9999944,6.972676e-06
Caris LeVert,6.5167575e-07,2.260065e-06,2.342049e-05,0.99997365,3.3459066e-05
Damian Lillard,0.28125656,0.43528804,0.163624,0.11983145,2.8757708
Nassir Little,1.0347468e-07,2.9789416e-07,3.6241822e-06,0.99999595,5.0352382e-06
Kevon Looney,1.4219245e-07,4.2116332e-07,4.938102e-06,0.9999945,6.912554e-06
Brook Lopez,9.968265e-07,3.6909696e-06,3.7962604e-05,0.9999573,5.4019645e-05
Robin Lopez,1.15097926e-07,3.348367e-07,4.0233645e-06,0.99999547,5.603364e-06
Kevin Love,4.230164e-06,1.8784573e-05,0.00017502745,0.99980193,0.000252532
Kyle Lowry,0.002297724,0.017755749,0.07332145,0.90662503,0.13807732
Timothé Luwawu-Cabarrot,1.1421814e-07,3.3199535e-07,3.992321e-06,0.9999956,5.559398e-06
Trey Lyles,1.2340267e-07,3.6198497e-07,4.3198693e-06,0.99999523,6.0228376e-06
Daryl Macon,1.6107896e-07,4.812448e-07,5.5473006e-06,0.9999938,7.79643e-06
J.P. Macura,1.5653279e-07,4.664777e-07,5.3866065e-06,0.99999404,7.5687035e-06
Josh Magette,1.8791151e-07,5.6820016e-07,6.4451156e-06,0.99999285,9.089274e-06
Ian Mahinmi,2.0156564e-07,6.2064566e-07,7.0813444e-06,0.99999213,9.95111e-06
Thon Maker,1.08130926e-07,3.127816e-07,3.786721e-06,0.9999958,5.2657206e-06
Terance Mann,1.1360999e-07,3.2971067e-07,3.962092e-06,0.9999956,5.519274e-06
Boban Marjanović,1.474402e-07,4.3854104e-07,5.1274037e-06,0.9999943,7.180228e-06
Lauri Markkanen,3.3259198e-07,1.0864412e-06,1.1911832e-05,0.99998665,1.6834116e-05
Caleb Martin,1.4542346e-07,4.317339e-07,5.0516633e-06,0.9999944,7.073982e-06
Cody Martin,1.1316588e-07,3.2857247e-07,3.954176e-06,0.9999956,5.5057226e-06
Jeremiah Martin,1.9685514e-07,5.975619e-07,6.7424694e-06,0.9999925,9.519431e-06
Kelan Martin,1.1996721e-07,3.5019173e-07,4.185169e-06,0.99999535,5.8355804e-06
Frank Mason,2.5522309e-07,7.9128057e-07,8.714914e-06,0.9999902,1.2364871e-05
Garrison Mathews,1.224211e-07,3.5786155e-07,4.266293e-06,0.99999523,5.9519834e-06
Wesley Matthews,1.4205027e-07,4.2273226e-07,4.970936e-06,0.9999945,6.9493844e-06
Patrick McCaw,1.3021766e-07,3.8288067e-07,4.5337288e-06,0.999995,6.333459e-06
CJ McCollum,2.6140792e-06,1.0964826e-05,0.000104309845,0.9998821,0.00015027472
T.J. McConnell,1.4151968e-07,4.1948414e-07,4.9208634e-06,0.9999945,6.886914e-06
Jalen McDaniels,1.4938858e-07,4.4463846e-07,5.1901347e-06,0.99999416,7.270993e-06
Doug McDermott,1.0999809e-07,3.188764e-07,3.853755e-06,0.9999957,5.360375e-06
JaVale McGee,4.314571e-07,1.4406585e-06,1.5609377e-05,0.9999825,2.2088638e-05
Rodney McGruder,1.0683529e-07,3.0845789e-07,3.7374502e-06,0.9999958,5.197e-06
Alfonzo McKinnie,1.0671411e-07,3.0807072e-07,3.7333534e-06,0.9999958,5.191136e-06
Jordan McLaughlin,1.6034647e-07,4.801611e-07,5.5561904e-06,0.9999938,7.798406e-06
Ben McLemore,1.06705976e-07,3.084838e-07,3.7424686e-06,0.9999958,5.20145e-06
Jordan McRae,1.3625558e-07,4.030372e-07,4.752602e-06,0.99999475,6.642991e-06
Nicolò Melli,1.11669166e-07,3.2403577e-07,3.9086867e-06,0.9999957,5.43914e-06
De'Anthony Melton,1.349452e-07,3.9870804e-07,4.7072645e-06,0.99999475,6.5781146e-06
Chimezie Metu,1.522618e-07,4.5297813e-07,5.262223e-06,0.99999416,7.3824667e-06
Khris Middleton,0.0050174072,0.035936076,0.11586938,0.8431771,0.24876463
Eric Mika,1.6795174e-07,5.061822e-07,5.864364e-06,0.99999344,8.222669e-06
C.J. Miles,1.4843683e-07,4.4099238e-07,5.141815e-06,0.9999943,7.206976e-06
Malcolm Miller,1.18580395e-07,3.4534827e-07,4.1268945e-06,0.99999535,5.7558414e-06
Patty Mills,1.04358676e-07,3.0099227e-07,3.6601566e-06,0.99999595,5.0849267e-06
Paul Millsap,4.425969e-07,1.4831228e-06,1.6000398e-05,0.9999821,2.266275e-05
Shake Milton,1.658827e-07,4.9953553e-07,5.7770376e-06,0.99999356,8.1050575e-06
Donovan Mitchell,0.00067535543,0.0051133903,0.027140804,0.96707046,0.04585775
Naz Mitrou-Long,2.7648542e-07,8.6275764e-07,9.431709e-06,0.9999894,1.3402409e-05
Adam Mokoka,1.325457e-07,3.8992584e-07,4.6032274e-06,0.9999949,6.435733e-06
Malik Monk,1.093371e-07,3.1662853e-07,3.8265516e-06,0.9999957,5.3231224e-06
Matt Mooney,1.6303721e-07,4.874332e-07,5.6117856e-06,0.9999937,7.889272e-06
E'Twaun Moore,1.07261414e-07,3.099674e-07,3.7551067e-06,0.9999958,5.221316e-06
Ja Morant,2.8277824e-05,0.00015194247,0.0011856409,0.99863416,0.0017828575
Juwan Morgan,1.3200501e-07,3.8806576e-07,4.5799143e-06,0.9999949,6.404137e-06
Marcus Morris,3.1775414e-07,1.0370442e-06,1.1400966e-05,0.99998724,1.610087e-05
Markieff Morris,1.18271515e-07,3.4530115e-07,4.138249e-06,0.99999535,5.76551e-06
Monte Morris,1.1924722e-07,3.4823546e-07,4.166158e-06,0.99999535,5.8071e-06
Johnathan Motley,1.5188981e-07,4.5162628e-07,5.2473347e-06,0.99999416,7.3616625e-06
Emmanuel Mudiay,1.2398824e-07,3.6309032e-07,4.322404e-06,0.99999523,6.031616e-06
Mychal Mulder,1.7919808e-07,5.424277e-07,6.220005e-06,0.9999931,8.743278e-06
Dejounte Murray,2.650064e-07,8.39259e-07,9.345122e-06,0.9999895,1.3187931e-05
Jamal Murray,5.8597884e-06,2.649293e-05,0.00023783522,0.9997298,0.00034661294
Džanan Musa,1.1707379e-07,3.4073815e-07,4.0801224e-06,0.99999547,5.687706e-06
Mike Muscala,1.1294238e-07,3.2783223e-07,3.9462575e-06,0.9999956,5.4944658e-06
Sviatoslav Mykhailiuk,1.0941993e-07,3.1701467e-07,3.832779e-06,0.9999957,5.3309227e-06
Abdel Nader,1.0999264e-07,3.185764e-07,3.8475964e-06,0.9999957,5.3532885e-06
Larry Nance,1.8253542e-07,5.5671194e-07,6.3996567e-06,0.99999285,8.98247e-06
Shabazz Napier,1.6859042e-07,5.099231e-07,5.8894843e-06,0.99999344,8.2622055e-06
Raul Neto,1.0912459e-07,3.1564684e-07,3.8134076e-06,0.9999957,5.305971e-06
Malik Newman,2.8682152e-07,8.9453204e-07,9.68711e-06,0.99998915,1.38048135e-05
Georges Niang,1.0274623e-07,2.95676e-07,3.601477e-06,0.99999595,5.0022363e-06
Nerlens Noel,2.384816e-07,7.458085e-07,8.40021e-06,0.9999906,1.1830044e-05
Zach Norvell,1.6704715e-07,5.006153e-07,5.7517173e-06,0.99999356,8.0887985e-06
Jaylen Nowell,1.3368467e-07,3.934832e-07,4.636686e-06,0.9999949,6.4855585e-06
Frank Ntilikina,1.0777122e-07,3.1162577e-07,3.7734978e-06,0.9999958,5.2472315e-06
Kendrick Nunn,1.898051e-07,5.830368e-07,6.6637213e-06,0.9999926,9.361857e-06
David Nwaba,1.4335126e-07,4.2503154e-07,4.9816185e-06,0.9999944,6.9734697e-06
Royce O'Neale,1.593056e-07,4.798008e-07,5.587632e-06,0.9999938,7.823563e-06
Kyle O'Quinn,1.7329762e-07,5.226616e-07,6.012853e-06,0.9999933,8.447326e-06
Semi Ojeleye,1.00803355e-07,2.8950896e-07,3.5342073e-06,0.99999607,4.906751e-06
Jahlil Okafor,1.975732e-07,6.044512e-07,6.88427e-06,0.9999924,9.685489e-06
Elie Okobo,1.050084e-07,3.0271835e-07,3.6753124e-06,0.99999595,5.1085094e-06
Josh Okogie,1.2048868e-07,3.5265566e-07,4.2179536e-06,0.99999535,5.878364e-06
KZ Okpala,1.5580302e-07,4.6429983e-07,5.3789117e-06,0.99999404,7.5508265e-06
Victor Oladipo,6.4429196e-07,2.1718722e-06,2.2261529e-05,0.99997497,3.1998607e-05
Kelly Olynyk,1.2575366e-07,3.6936143e-07,4.399147e-06,0.9999951,6.1359997e-06
Miye Oni,1.9684276e-07,5.9762573e-07,6.7324268e-06,0.9999925,9.509517e-06
Cedi Osman,1.1961261e-07,3.500031e-07,4.18937e-06,0.99999535,5.837442e-06
Kelly Oubre,4.6964294e-07,1.6051259e-06,1.7187995e-05,0.9999807,2.4351588e-05
Tariq Owens,1.6668828e-07,4.9942884e-07,5.740204e-06,0.99999356,8.071932e-06
Jeremy Pargo,2.3490081e-07,7.2507135e-07,8.07769e-06,0.99999094,1.1427408e-05
Jabari Parker,2.4689606e-07,7.7416416e-07,8.668322e-06,0.99999034,1.2225295e-05
Chandler Parsons,1.6965686e-07,5.090451e-07,5.8405994e-06,0.99999344,8.216019e-06
Eric Paschall,1.4091216e-07,4.1935576e-07,4.9302253e-06,0.9999945,6.8928534e-06
Anžejs Pasečņiks,1.4301304e-07,4.2442318e-07,4.9816326e-06,0.9999944,6.969967e-06
Patrick Patterson,1.1086018e-07,3.2137248e-07,3.878306e-06,0.9999957,5.396724e-06
Justin Patton,1.758798e-07,5.2945984e-07,6.0529246e-06,0.9999932,8.520703e-06
Chris Paul,0.0012222505,0.009113615,0.042772684,0.9468915,0.07622478
Elfrid Payton,5.1273605e-07,1.722405e-06,1.8194487e-05,0.9999796,2.5925383e-05
Gary Payton,1.2879573e-07,3.7823415e-07,4.484227e-06,0.999995,6.262908e-06
Norvel Pelle,1.6219373e-07,4.863828e-07,5.6324657e-06,0.9999937,7.902583e-06
Theo Pinson,1.2035018e-07,3.510176e-07,4.1879157e-06,0.99999535,5.8427195e-06
Mason Plumlee,1.8949096e-07,5.7885114e-07,6.62757e-06,0.9999926,9.311579e-06
Jakob Poeltl,1.6818124e-07,5.0795444e-07,5.8815926e-06,0.99999344,8.246362e-06
Vincent Poirier,1.3511519e-07,3.9817647e-07,4.690688e-06,0.99999475,6.5607933e-06
Shamorie Ponds,1.5286255e-07,4.546873e-07,5.278503e-06,0.99999416,7.4068776e-06
Jordan Poole,9.7707385e-08,2.798641e-07,3.4300544e-06,0.9999962,4.7581834e-06
Kevin Porter,1.10228484e-07,3.1943281e-07,3.857436e-06,0.9999957,5.3668764e-06
Michael Porter,1.285019e-07,3.778062e-07,4.4857666e-06,0.999995,6.2616946e-06
Otto Porter,2.4500372e-07,7.626979e-07,8.51155e-06,0.99999046,1.2024662e-05
Bobby Portis,1.1160635e-07,3.2400672e-07,3.9083884e-06,0.9999957,5.4384404e-06
Kristaps Porziņģis,1.9059878e-05,0.00010274922,0.0008745769,0.9990036,0.0012781239
Dwight Powell,3.4576692e-07,1.1253228e-06,1.23410855e-05,0.9999862,1.7445887e-05
Norman Powell,4.6275122e-07,1.5551241e-06,1.6625556e-05,0.9999814,2.3604684e-05
Chasson Randle,1.3742788e-07,4.0520544e-07,4.756311e-06,0.99999475,6.6590665e-06
Julius Randle,4.676618e-06,2.128547e-05,0.00019664818,0.9997774,0.00028388767
Josh Reaves,3.8925813e-07,1.243249e-06,1.3069702e-05,0.99998534,1.8745739e-05
Cam Reddish,1.0546444e-07,3.0448803e-07,3.697267e-06,0.99999595,5.138053e-06
J.J. Redick,1.8745077e-07,5.7547044e-07,6.5905538e-06,0.9999926,9.254219e-06
Naz Reid,1.5360769e-07,4.593731e-07,5.3578597e-06,0.99999404,7.5040175e-06
Josh Richardson,2.56919e-07,8.133379e-07,9.07631e-06,0.99998987,1.2800919e-05
Austin Rivers,1.0546444e-07,3.0439887e-07,3.6965441e-06,0.99999595,5.137063e-06
Duncan Robinson,1.544825e-07,4.648882e-07,5.4278753e-06,0.9999939,7.5949524e-06
Glenn Robinson,1.4283502e-07,4.2555436e-07,5.0002523e-06,0.9999944,6.9910902e-06
Jerome Robinson,1.006011e-07,2.8883497e-07,3.5261778e-06,0.99999607,4.895688e-06
Justin Robinson,1.3885382e-07,4.098587e-07,4.8062393e-06,0.99999464,6.7300844e-06
Mitchell Robinson,5.6427757e-07,1.943414e-06,2.0791304e-05,0.99997675,2.9442934e-05
Isaiah Roby,1.9604336e-07,5.9523387e-07,6.7124624e-06,0.9999925,9.478381e-06
Rajon Rondo,1.6164894e-07,4.8486294e-07,5.6086296e-06,0.9999938,7.871463e-06
Derrick Rose,7.360454e-07,2.57797e-06,2.6259831e-05,0.99997044,3.767397e-05
Terrence Ross,1.1920765e-07,3.4862623e-07,4.173837e-06,0.99999535,5.815754e-06
Terry Rozier,5.39376e-07,1.8702934e-06,1.9739537e-05,0.9999778,2.8047296e-05
Ricky Rubio,5.4351462e-06,2.414318e-05,0.0002190315,0.9997514,0.00031863677
D'Angelo Russell,1.6189968e-05,8.1503094e-05,0.0006671714,0.99923515,0.0009926305
Domantas Sabonis,0.0121435635,0.08444253,0.20633428,0.6970796,0.5203797
Luka Šamanić,2.779188e-07,8.670691e-07,9.440466e-06,0.9999894,1.3431267e-05
JaKarr Sampson,1.3049065e-07,3.837459e-07,4.543615e-06,0.999995,6.347306e-06
Dario Šarić,1.6376009e-07,4.949311e-07,5.7454236e-06,0.99999356,8.049017e-06
Tomáš Satoranský,2.6987746e-07,8.5936364e-07,9.556e-06,0.9999893,1.3483478e-05
Admiral Schofield,1.1079021e-07,3.2085558e-07,3.868797e-06,0.9999957,5.385315e-06
Dennis Schröder,3.0315306e-07,9.795097e-07,1.0742642e-05,0.99998796,1.5196936e-05
Mike Scott,1.0522593e-07,3.0358538e-07,3.6877273e-06,0.99999595,5.1246134e-06
Thabo Sefolosha,1.1193422e-07,3.2446624e-07,3.9079823e-06,0.9999957,5.441052e-06
Collin Sexton,5.133782e-07,1.7707282e-06,1.867185e-05,0.999979,2.6550926e-05
Landry Shamet,1.2619421e-07,3.709602e-07,4.4161798e-06,0.9999951,6.1600313e-06
Marial Shayok,2.6568267e-07,8.2522087e-07,9.030885e-06,0.99998987,1.2834961e-05
Iman Shumpert,1.5390094e-07,4.5869194e-07,5.3287526e-06,0.99999404,7.474333e-06
Pascal Siakam,0.0017980974,0.014046264,0.061638042,0.92251766,0.112767324
Chris Silva,1.2230977e-07,3.576282e-07,4.266798e-06,0.99999523,5.9512313e-06
Ben Simmons,0.025699222,0.13395754,0.23098376,0.6093595,0.7613524
Anfernee Simons,9.608878e-08,2.747926e-07,3.3758852e-06,0.9999963,4.680707e-06
Alen Smailagić,1.5541451e-07,4.6365028e-07,5.380425e-06,0.99999404,7.5484486e-06
Marcus Smart,4.6856937e-07,1.5844031e-06,1.6971106e-05,0.9999809,2.4067162e-05
Dennis Smith,1.2684092e-07,3.718652e-07,4.412067e-06,0.9999951,6.1618675e-06
Ish Smith,1.2427186e-07,3.6450476e-07,4.340314e-06,0.9999951,6.0551874e-06
Zhaire Smith,1.7097706e-07,5.1313646e-07,5.8771857e-06,0.99999344,8.2714805e-06
Tony Snell,1.16044575e-07,3.3832387e-07,4.06365e-06,0.99999547,5.6588447e-06
Omari Spellman,1.2113223e-07,3.5426964e-07,4.233404e-06,0.99999523,5.901874e-06
Max Strus,1.4749759e-07,4.374917e-07,5.0989897e-06,0.9999943,7.148953e-06
Edmond Sumner,1.3657731e-07,4.0295726e-07,4.7417e-06,0.99999475,6.6334587e-06
Caleb Swanigan,1.345045e-07,3.9652087e-07,4.67838e-06,0.99999475,6.5404647e-06
Jayson Tatum,0.0031609777,0.025143502,0.09618671,0.8755088,0.1874221
Jeff Teague,1.5232192e-07,4.5643068e-07,5.3206836e-06,0.99999404,7.451585e-06
Garrett Temple,1.3376284e-07,3.9560604e-07,4.679268e-06,0.99999475,6.5349004e-06
Daniel Theis,1.0665337e-06,3.9563624e-06,4.0766037e-05,0.9999542,5.7967794e-05
Isaiah Thomas,1.4181623e-07,4.2142406e-07,4.9474543e-06,0.9999945,6.9208077e-06
Khyri Thomas,1.3690854e-07,4.0363997e-07,4.7422386e-06,0.99999475,6.637701e-06
Matt Thomas,1.2015659e-07,3.5060341e-07,4.187732e-06,0.99999535,5.8403252e-06
Tristan Thompson,1.004567e-06,3.7124398e-06,3.8135862e-05,0.9999572,5.429602e-05
Matisse Thybulle,1.10675316e-07,3.2076164e-07,3.872773e-06,0.9999957,5.3884346e-06
Anthony Tolliver,1.04224405e-07,3.002795e-07,3.6501278e-06,0.99999595,5.0720882e-06
Juan Toscano-Anderson,1.7647156e-07,5.327409e-07,6.1138057e-06,0.9999932,8.594387e-06
Karl-Anthony Towns,0.01526416,0.09728544,0.21406494,0.6733855,0.5822421
Gary Trent,1.0322434e-07,2.9722955e-07,3.6184804e-06,0.99999595,5.0262906e-06
Allonzo Trier,1.341049e-07,3.9523385e-07,4.661425e-06,0.99999475,6.517651e-06
P.J. Tucker,1.6760276e-07,5.0788714e-07,5.8930523e-06,0.99999344,8.254728e-06
Rayjon Tucker,1.3427332e-07,3.9523954e-07,4.6532714e-06,0.9999949,6.510357e-06
Evan Turner,1.4747762e-07,4.3775464e-07,5.102862e-06,0.9999943,7.153514e-06
Myles Turner,7.2255915e-07,2.5795712e-06,2.7057366e-05,0.9999696,3.8408874e-05
Jarrod Uthoff,1.7270844e-07,5.18704e-07,5.9314543e-06,0.9999933,8.351109e-06
Jonas Valančiūnas,8.927683e-05,0.0005590114,0.0041143512,0.99523735,0.0062377695
Denzel Valentine,1.2094871e-07,3.5320664e-07,4.2164897e-06,0.99999535,5.880853e-06
Jarred Vanderbilt,1.4624568e-07,4.3358202e-07,5.057438e-06,0.9999944,7.0894125e-06
Fred VanVleet,3.650196e-05,0.00019828546,0.0015262308,0.9982389,0.002303597
Gabe Vincent,1.6045524e-07,4.79194e-07,5.5261644e-06,0.9999938,7.7660225e-06
Noah Vonleh,1.2914367e-07,3.7938764e-07,4.496637e-06,0.999995,6.2805184e-06
Nikola Vučević,0.00042790224,0.0030664685,0.017917754,0.97858787,0.029256672
Dean Wade,1.3445884e-07,3.9600502e-07,4.6668783e-06,0.99999475,6.527188e-06
Moritz Wagner,1.5101165e-07,4.5127067e-07,5.276968e-06,0.99999416,7.385838e-06
Dion Waiters,4.4704288e-07,1.453769e-06,1.5331223e-05,0.9999827,2.1927744e-05
Kemba Walker,0.00050536735,0.003622429,0.02005594,0.9758162,0.033450063
Lonnie Walker,1.02743094e-07,2.956055e-07,3.5994167e-06,0.99999595,4.999949e-06
Tyrone Wallace,1.3683778e-07,4.0354297e-07,4.7430754e-06,0.99999475,6.6378934e-06
Taurean Waller-Prince,1.381245e-07,4.1033e-07,4.8386073e-06,0.99999464,6.7602195e-06
Derrick Walton,1.1607944e-07,3.375166e-07,4.045646e-06,0.99999547,5.6385934e-06
Brad Wanamaker,1.11846724e-07,3.2457146e-07,3.912651e-06,0.9999957,5.445599e-06
T.J. Warren,9.936512e-07,3.68637e-06,3.7531543e-05,0.9999578,5.355891e-05
P.J. Washington,1.7547552e-07,5.3467295e-07,6.166618e-06,0.9999931,8.648014e-06
Yuta Watanabe,1.3144187e-07,3.8625248e-07,4.56085e-06,0.9999949,6.3768166e-06
Tremont Waters,1.8217006e-07,5.498919e-07,6.264008e-06,0.99999297,8.824534e-06
Paul Watson,1.8601155e-07,5.6209154e-07,6.3755947e-06,0.99999285,8.991927e-06
Quinndary Weatherspoon,1.6919849e-07,5.0747036e-07,5.810516e-06,0.99999356,8.178919e-06
Russell Westbrook,0.028072104,0.15522197,0.2535254,0.5631805,0.8595518
Coby White,1.0999453e-07,3.189129e-07,3.8523035e-06,0.9999957,5.3590147e-06
Derrick White,1.4086972e-07,4.1907148e-07,4.9307705e-06,0.9999945,6.8923337e-06
Hassan Whiteside,0.008869814,0.06653485,0.18849641,0.7360989,0.43245003
Andrew Wiggins,2.0304506e-06,8.263387e-06,8.0065496e-05,0.99990964,0.00011500791
Grant Williams,1.0462554e-07,3.0159683e-07,3.6655886e-06,0.99999595,5.093507e-06
Johnathan Williams,1.6812095e-07,5.055849e-07,5.831505e-06,0.99999344,8.188865e-06
Kenrich Williams,1.3738776e-07,4.0645085e-07,4.7927915e-06,0.99999464,6.699083e-06
Lou Williams,2.341491e-06,9.53762e-06,9.029051e-05,0.99989784,0.00013061083
Marvin Williams,1.09855726e-07,3.1821293e-07,3.845249e-06,0.9999957,5.3491667e-06
Robert Williams,2.2874623e-07,7.075177e-07,7.956243e-06,0.99999106,1.1222528e-05
Nigel Williams-Goss,1.5814067e-07,4.7164338e-07,5.4469374e-06,0.9999939,7.65257e-06
Zion Williamson,0.00017952335,0.0010202253,0.0061897417,0.9926105,0.010148034
D.J. Wilson,1.2949295e-07,3.8026135e-07,4.5006914e-06,0.999995,6.2889403e-06
Justise Winslow,8.955033e-07,3.1282946e-06,3.1718766e-05,0.99996424,4.5581168e-05
Christian Wood,3.3354934e-07,1.0898658e-06,1.1957929e-05,0.99998665,1.6895274e-05
Delon Wright,1.4770536e-07,4.4053294e-07,5.1571174e-06,0.9999943,7.217243e-06
Justin Wright-Foreman,1.6829199e-07,5.0455225e-07,5.78035e-06,0.99999356,8.1354665e-06
Thaddeus Young,1.250389e-07,3.670747e-07,4.3730165e-06,0.9999951,6.0994353e-06
Trae Young,0.18425779,0.41512987,0.21596642,0.18464595,2.382645
Cody Zeller,2.7348688e-07,8.72899e-07,9.726222e-06,0.99998915,1.3712353e-05
Ante Žižić,1.3722774e-07,4.0510804e-07,4.7666003e-06,0.99999464,6.668063e-06
Ivica Zubac,9.075303e-07,3.3068804e-06,3.4293324e-05,0.9999615,4.8751615e-05
